{"losses": [0.5522669536620378, 0.01991283747367561, 0.00427097714971751, 0.002556261189747602, 0.002601928859949112, 0.4095491799712181, 0.009518781621009111, 0.0043971934945633015, 0.003086542587261647, 0.0023032364582953354, 0.0018871574328901868, 0.0017391046780782442, 0.0014179542567580939, 0.0015310224176694948, 0.0014032785105518996, 0.0015785853192210198, 0.0017312475992366672, 0.0012079137466692676, 0.001424360452607895, 0.0012967010459396988], "accuracies": [83.16, 99.72, 99.98, 100.0, 99.96, 94.14666666666666, 99.90666666666667, 99.98666666666666, 99.98666666666666, 100.0, 99.98666666666666, 100.0, 100.0, 100.0, 99.98666666666666, 100.0, 99.98666666666666, 100.0, 100.0, 100.0]}