{"losses": [1.4215720932362443, 0.2108406914492785, 0.08256056424924883, 0.0418845632318723, 0.030994141048167723, 0.02322901712762097, 0.021909122655199745, 0.01879069657396462, 0.017260133415081744, 0.017751594058285327], "accuracies": [62.586666666666666, 94.94666666666667, 98.48, 99.48, 99.57333333333334, 99.73333333333333, 99.76, 99.72, 99.88, 99.85333333333334]}